[
{"created_at":"Thu Apr 03 20:18:11 +0000 2014","id":451815949901901800,"id_str":"451815949901901824","text":"@Jfazyankees13 thanks","source":"<a href=\"http://twitter.com/download/iphone\" rel=\"nofollow\">Twitter for iPhone</a>","truncated":false,"in_reply_to_status_id":451811059989368800,"in_reply_to_status_id_str":"451811059989368832","in_reply_to_user_id":276771995,"in_reply_to_user_id_str":"276771995","in_reply_to_screen_name":"Jfazyankees13","user":{"id":272623444,"id_str":"272623444","name":"Nate Kabel","screen_name":"KabelGuy117","location":"","url":null,"description":"I'm Batman!","protected":false,"followers_count":110,"friends_count":247,"listed_count":0,"created_at":"Sat Mar 26 21:17:16 +0000 2011","favourites_count":430,"utc_offset":-10800,"time_zone":"Atlantic Time (Canada)","geo_enabled":true,"verified":false,"statuses_count":309,"lang":"en","contributors_enabled":false,"is_translator":false,"is_translation_enabled":false,"profile_background_color":"C0DEED","profile_background_image_url":"http://abs.twimg.com/images/themes/theme1/bg.png","profile_background_image_url_https":"https://abs.twimg.com/images/themes/theme1/bg.png","profile_background_tile":false,"profile_image_url":"http://pbs.twimg.com/profile_images/428975989465436160/oHtN1Q-U_normal.jpeg","profile_image_url_https":"https://pbs.twimg.com/profile_images/428975989465436160/oHtN1Q-U_normal.jpeg","profile_banner_url":"https://pbs.twimg.com/profile_banners/272623444/1392064008","profile_link_color":"0084B4","profile_sidebar_border_color":"C0DEED","profile_sidebar_fill_color":"DDEEF6","profile_text_color":"333333","profile_use_background_image":true,"default_profile":true,"default_profile_image":false,"following":null,"follow_request_sent":null,"notifications":null},"geo":{"type":"Point","coordinates":[42.99927083,-78.21124474]},"coordinates":{"type":"Point","coordinates":[-78.21124474,42.99927083]},"place":{"id":"94965b2c45386f87","url":"https://api.twitter.com/1.1/geo/id/94965b2c45386f87.json","place_type":"admin","name":"New York","full_name":"New York, USA","country_code":"US","country":"United States","contained_within":[],"bounding_box":{"type":"Polygon","coordinates":[[[-79.76259,40.477383],[-79.76259,45.015851],[-71.777492,45.015851],[-71.777492,40.477383]]]},"attributes":{}},"contributors":null,"retweet_count":0,"favorite_count":0,"entities":{"hashtags":[],"symbols":[],"urls":[],"user_mentions":[{"screen_name":"Jfazyankees13","name":"James Fazio","id":276771995,"id_str":"276771995","indices":[0,14]}]},"favorited":false,"retweeted":false,"filter_level":"medium","lang":"en"},
{"created_at":"Thu Apr 03 20:18:22 +0000 2014","id":451815994923548700,"id_str":"451815994923548672","text":"Taking a break from everyone","source":"<a href=\"http://twitter.com/download/iphone\" rel=\"nofollow\">Twitter for iPhone</a>","truncated":false,"in_reply_to_status_id":null,"in_reply_to_status_id_str":null,"in_reply_to_user_id":null,"in_reply_to_user_id_str":null,"in_reply_to_screen_name":null,"user":{"id":767997248,"id_str":"767997248","name":"Jazmine Saunders","screen_name":"Jazziedancer143","location":"","url":"http://instagram.com/jazziexoxo_","description":"DDBS dancer","protected":false,"followers_count":75,"friends_count":152,"listed_count":0,"created_at":"Sun Aug 19 18:20:35 +0000 2012","favourites_count":96,"utc_offset":null,"time_zone":null,"geo_enabled":true,"verified":false,"statuses_count":37,"lang":"en","contributors_enabled":false,"is_translator":false,"is_translation_enabled":false,"profile_background_color":"C0DEED","profile_background_image_url":"http://abs.twimg.com/images/themes/theme1/bg.png","profile_background_image_url_https":"https://abs.twimg.com/images/themes/theme1/bg.png","profile_background_tile":false,"profile_image_url":"http://pbs.twimg.com/profile_images/447865333320146944/iZBVvUCs_normal.jpeg","profile_image_url_https":"https://pbs.twimg.com/profile_images/447865333320146944/iZBVvUCs_normal.jpeg","profile_banner_url":"https://pbs.twimg.com/profile_banners/767997248/1396206800","profile_link_color":"0084B4","profile_sidebar_border_color":"C0DEED","profile_sidebar_fill_color":"DDEEF6","profile_text_color":"333333","profile_use_background_image":true,"default_profile":true,"default_profile_image":false,"following":null,"follow_request_sent":null,"notifications":null},"geo":{"type":"Point","coordinates":[43.22335026,-77.65172585]},"coordinates":{"type":"Point","coordinates":[-77.65172585,43.22335026]},"place":{"id":"94965b2c45386f87","url":"https://api.twitter.com/1.1/geo/id/94965b2c45386f87.json","place_type":"admin","name":"New York","full_name":"New York, USA","country_code":"US","country":"United States","contained_within":[],"bounding_box":{"type":"Polygon","coordinates":[[[-79.76259,40.477383],[-79.76259,45.015851],[-71.777492,45.015851],[-71.777492,40.477383]]]},"attributes":{}},"contributors":null,"retweet_count":0,"favorite_count":0,"entities":{"hashtags":[],"symbols":[],"urls":[],"user_mentions":[]},"favorited":false,"retweeted":false,"filter_level":"medium","lang":"en"},
{"created_at":"Thu Apr 03 20:18:25 +0000 2014","id":451816009494978560,"id_str":"451816009494978560","text":"“@QuoteTaySwift: I'm not your princess, this ain't our fairytale, and I'm gonna find someone someday who might actually treat me well.”","source":"<a href=\"http://twitter.com/download/iphone\" rel=\"nofollow\">Twitter for iPhone</a>","truncated":false,"in_reply_to_status_id":451804886922174460,"in_reply_to_status_id_str":"451804886922174464","in_reply_to_user_id":346412756,"in_reply_to_user_id_str":"346412756","in_reply_to_screen_name":"QuoteTaySwift","user":{"id":702204114,"id_str":"702204114","name":"Kari Knopp ","screen_name":"KariKnopp5","location":"","url":null,"description":"Lifes a dream, realize it. #Kari #18 #Athlete #Senior #CollegeBound #LiveForDamon #Blessed","protected":false,"followers_count":682,"friends_count":646,"listed_count":1,"created_at":"Wed Jul 18 02:34:38 +0000 2012","favourites_count":4842,"utc_offset":null,"time_zone":null,"geo_enabled":true,"verified":false,"statuses_count":12671,"lang":"en","contributors_enabled":false,"is_translator":false,"is_translation_enabled":false,"profile_background_color":"C0DEED","profile_background_image_url":"http://abs.twimg.com/images/themes/theme1/bg.png","profile_background_image_url_https":"https://abs.twimg.com/images/themes/theme1/bg.png","profile_background_tile":false,"profile_image_url":"http://pbs.twimg.com/profile_images/448483660380262402/aEDBf8z4_normal.jpeg","profile_image_url_https":"https://pbs.twimg.com/profile_images/448483660380262402/aEDBf8z4_normal.jpeg","profile_banner_url":"https://pbs.twimg.com/profile_banners/702204114/1394686326","profile_link_color":"0084B4","profile_sidebar_border_color":"C0DEED","profile_sidebar_fill_color":"DDEEF6","profile_text_color":"333333","profile_use_background_image":true,"default_profile":true,"default_profile_image":false,"following":null,"follow_request_sent":null,"notifications":null},"geo":{"type":"Point","coordinates":[42.28975296,-79.58088684]},"coordinates":{"type":"Point","coordinates":[-79.58088684,42.28975296]},"place":{"id":"94965b2c45386f87","url":"https://api.twitter.com/1.1/geo/id/94965b2c45386f87.json","place_type":"admin","name":"New York","full_name":"New York, USA","country_code":"US","country":"United States","contained_within":[],"bounding_box":{"type":"Polygon","coordinates":[[[-79.76259,40.477383],[-79.76259,45.015851],[-71.777492,45.015851],[-71.777492,40.477383]]]},"attributes":{}},"contributors":null,"retweet_count":0,"favorite_count":0,"entities":{"hashtags":[],"symbols":[],"urls":[],"user_mentions":[{"screen_name":"QuoteTaySwift","name":"Taylor Swift Quotes","id":346412756,"id_str":"346412756","indices":[1,15]}]},"favorited":false,"retweeted":false,"filter_level":"medium","lang":"en"},
{"created_at":"Thu Apr 03 20:18:27 +0000 2014","id":451816016826601500,"id_str":"451816016826601472","text":"All day I've felt like I'm forgetting about something and I can't shake this feeling. Ugh!","source":"<a href=\"http://twitter.com/download/iphone\" rel=\"nofollow\">Twitter for iPhone</a>","truncated":false,"in_reply_to_status_id":null,"in_reply_to_status_id_str":null,"in_reply_to_user_id":null,"in_reply_to_user_id_str":null,"in_reply_to_screen_name":null,"user":{"id":56580972,"id_str":"56580972","name":"bspellx5","screen_name":"bspellx5","location":"New York| Sandusky|Orlando|","url":null,"description":"I'm all over the place in my thoughts and travels. Familiarity scares me. Learning to learn. #trynottobefake","protected":false,"followers_count":340,"friends_count":219,"listed_count":5,"created_at":"Tue Jul 14 02:41:02 +0000 2009","favourites_count":1039,"utc_offset":-14400,"time_zone":"Eastern Time (US & Canada)","geo_enabled":true,"verified":false,"statuses_count":3988,"lang":"en","contributors_enabled":false,"is_translator":false,"is_translation_enabled":false,"profile_background_color":"1A1B1F","profile_background_image_url":"http://pbs.twimg.com/profile_background_images/83473096/20037_1210009335179_1377090056_2360756_4042678_n.jpg","profile_background_image_url_https":"https://pbs.twimg.com/profile_background_images/83473096/20037_1210009335179_1377090056_2360756_4042678_n.jpg","profile_background_tile":false,"profile_image_url":"http://pbs.twimg.com/profile_images/378800000603065871/15c6e18e8f41eced11b3c36dc4c41227_normal.jpeg","profile_image_url_https":"https://pbs.twimg.com/profile_images/378800000603065871/15c6e18e8f41eced11b3c36dc4c41227_normal.jpeg","profile_banner_url":"https://pbs.twimg.com/profile_banners/56580972/1392519922","profile_link_color":"051059","profile_sidebar_border_color":"FFFFFF","profile_sidebar_fill_color":"FFFF1F","profile_text_color":"666666","profile_use_background_image":true,"default_profile":false,"default_profile_image":false,"following":null,"follow_request_sent":null,"notifications":null},"geo":{"type":"Point","coordinates":[42.70295345,-73.81499893]},"coordinates":{"type":"Point","coordinates":[-73.81499893,42.70295345]},"place":{"id":"94965b2c45386f87","url":"https://api.twitter.com/1.1/geo/id/94965b2c45386f87.json","place_type":"admin","name":"New York","full_name":"New York, USA","country_code":"US","country":"United States","contained_within":[],"bounding_box":{"type":"Polygon","coordinates":[[[-79.76259,40.477383],[-79.76259,45.015851],[-71.777492,45.015851],[-71.777492,40.477383]]]},"attributes":{}},"contributors":null,"retweet_count":0,"favorite_count":0,"entities":{"hashtags":[],"symbols":[],"urls":[],"user_mentions":[]},"favorited":false,"retweeted":false,"filter_level":"medium","lang":"en"},
{"created_at":"Thu Apr 03 20:18:28 +0000 2014","id":451816023423864800,"id_str":"451816023423864832","text":"Indulgeeee tonight with @ExoticGoddesss","source":"<a href=\"http://twitter.com/download/iphone\" rel=\"nofollow\">Twitter for iPhone</a>","truncated":false,"in_reply_to_status_id":null,"in_reply_to_status_id_str":null,"in_reply_to_user_id":null,"in_reply_to_user_id_str":null,"in_reply_to_screen_name":null,"user":{"id":1315718388,"id_str":"1315718388","name":"taywo","screen_name":"taypodkulski","location":"","url":null,"description":"fuckkk wit itttt ♡","protected":false,"followers_count":118,"friends_count":155,"listed_count":0,"created_at":"Sat Mar 30 04:12:52 +0000 2013","favourites_count":117,"utc_offset":-10800,"time_zone":"Atlantic Time (Canada)","geo_enabled":true,"verified":false,"statuses_count":2805,"lang":"en","contributors_enabled":false,"is_translator":false,"is_translation_enabled":false,"profile_background_color":"C0DEED","profile_background_image_url":"http://abs.twimg.com/images/themes/theme1/bg.png","profile_background_image_url_https":"https://abs.twimg.com/images/themes/theme1/bg.png","profile_background_tile":false,"profile_image_url":"http://pbs.twimg.com/profile_images/450349972975009793/acIKsQRH_normal.jpeg","profile_image_url_https":"https://pbs.twimg.com/profile_images/450349972975009793/acIKsQRH_normal.jpeg","profile_banner_url":"https://pbs.twimg.com/profile_banners/1315718388/1396410960","profile_link_color":"0084B4","profile_sidebar_border_color":"C0DEED","profile_sidebar_fill_color":"DDEEF6","profile_text_color":"333333","profile_use_background_image":true,"default_profile":true,"default_profile_image":false,"following":null,"follow_request_sent":null,"notifications":null},"geo":{"type":"Point","coordinates":[42.77194869,-78.83220644]},"coordinates":{"type":"Point","coordinates":[-78.83220644,42.77194869]},"place":{"id":"94965b2c45386f87","url":"https://api.twitter.com/1.1/geo/id/94965b2c45386f87.json","place_type":"admin","name":"New York","full_name":"New York, USA","country_code":"US","country":"United States","contained_within":[],"bounding_box":{"type":"Polygon","coordinates":[[[-79.76259,40.477383],[-79.76259,45.015851],[-71.777492,45.015851],[-71.777492,40.477383]]]},"attributes":{}},"contributors":null,"retweet_count":0,"favorite_count":0,"entities":{"hashtags":[],"symbols":[],"urls":[],"user_mentions":[{"screen_name":"ExoticGoddesss","name":"Kenza Kors","id":427146588,"id_str":"427146588","indices":[24,39]}]},"favorited":false,"retweeted":false,"filter_level":"medium","lang":"en"},
{"created_at":"Thu Apr 03 20:18:31 +0000 2014","id":451816034861711360,"id_str":"451816034861711360","text":"Accidentally swallowed part of a muffin wrapper....am I gonna die.","source":"<a href=\"http://twitter.com/download/android\" rel=\"nofollow\">Twitter for Android</a>","truncated":false,"in_reply_to_status_id":null,"in_reply_to_status_id_str":null,"in_reply_to_user_id":null,"in_reply_to_user_id_str":null,"in_reply_to_screen_name":null,"user":{"id":24286855,"id_str":"24286855","name":"Maddi Bartz ","screen_name":"stuuuubbs96","location":"Batavia","url":null,"description":"too smart for my own good sometimes","protected":false,"followers_count":162,"friends_count":247,"listed_count":0,"created_at":"Fri Mar 13 23:59:57 +0000 2009","favourites_count":6117,"utc_offset":-14400,"time_zone":"Eastern Time (US & Canada)","geo_enabled":true,"verified":false,"statuses_count":11454,"lang":"en","contributors_enabled":false,"is_translator":false,"is_translation_enabled":false,"profile_background_color":"0099B9","profile_background_image_url":"http://pbs.twimg.com/profile_background_images/442908433/GOLDFISH____YUMMMMMMMMM___.jpg","profile_background_image_url_https":"https://pbs.twimg.com/profile_background_images/442908433/GOLDFISH____YUMMMMMMMMM___.jpg","profile_background_tile":false,"profile_image_url":"http://pbs.twimg.com/profile_images/378800000493902640/c4c1cbe9d2c89f86ebc421a9a4631209_normal.jpeg","profile_image_url_https":"https://pbs.twimg.com/profile_images/378800000493902640/c4c1cbe9d2c89f86ebc421a9a4631209_normal.jpeg","profile_banner_url":"https://pbs.twimg.com/profile_banners/24286855/1394345722","profile_link_color":"0099B9","profile_sidebar_border_color":"5ED4DC","profile_sidebar_fill_color":"95E8EC","profile_text_color":"3C3940","profile_use_background_image":true,"default_profile":false,"default_profile_image":false,"following":null,"follow_request_sent":null,"notifications":null},"geo":{"type":"Point","coordinates":[42.9698804,-78.1515516]},"coordinates":{"type":"Point","coordinates":[-78.1515516,42.9698804]},"place":{"id":"94965b2c45386f87","url":"https://api.twitter.com/1.1/geo/id/94965b2c45386f87.json","place_type":"admin","name":"New York","full_name":"New York, USA","country_code":"US","country":"United States","contained_within":[],"bounding_box":{"type":"Polygon","coordinates":[[[-79.76259,40.477383],[-79.76259,45.015851],[-71.777492,45.015851],[-71.777492,40.477383]]]},"attributes":{}},"contributors":null,"retweet_count":0,"favorite_count":0,"entities":{"hashtags":[],"symbols":[],"urls":[],"user_mentions":[]},"favorited":false,"retweeted":false,"filter_level":"medium","lang":"en"},
{"created_at":"Thu Apr 03 20:18:36 +0000 2014","id":451816055128997900,"id_str":"451816055128997888","text":"@adamrensch @UNTRESOR Guys, this public display of foreplay is making me super uncomfortable. I'm phoning the proper (boner) authorities.","source":"web","truncated":false,"in_reply_to_status_id":451815509080932350,"in_reply_to_status_id_str":"451815509080932352","in_reply_to_user_id":146576344,"in_reply_to_user_id_str":"146576344","in_reply_to_screen_name":"adamrensch","user":{"id":970881943,"id_str":"970881943","name":"Jenn Foiles","screen_name":"RabbiChorizo","location":"New York City","url":"http://swaglesscitizen.tumblr.com/","description":"Intentionally giving tourists wrong directions since 2008.","protected":false,"followers_count":78,"friends_count":304,"listed_count":0,"created_at":"Sun Nov 25 22:05:23 +0000 2012","favourites_count":19,"utc_offset":-14400,"time_zone":"Eastern Time (US & Canada)","geo_enabled":true,"verified":false,"statuses_count":3569,"lang":"en","contributors_enabled":false,"is_translator":false,"is_translation_enabled":false,"profile_background_color":"C2260A","profile_background_image_url":"http://pbs.twimg.com/profile_background_images/443780835464839168/p2sPqd7q.jpeg","profile_background_image_url_https":"https://pbs.twimg.com/profile_background_images/443780835464839168/p2sPqd7q.jpeg","profile_background_tile":true,"profile_image_url":"http://pbs.twimg.com/profile_images/439241897144369152/rc6Q1KXp_normal.png","profile_image_url_https":"https://pbs.twimg.com/profile_images/439241897144369152/rc6Q1KXp_normal.png","profile_banner_url":"https://pbs.twimg.com/profile_banners/970881943/1378218481","profile_link_color":"0A686B","profile_sidebar_border_color":"000000","profile_sidebar_fill_color":"DDEEF6","profile_text_color":"333333","profile_use_background_image":true,"default_profile":false,"default_profile_image":false,"following":null,"follow_request_sent":null,"notifications":null},"geo":null,"coordinates":null,"place":{"id":"94965b2c45386f87","url":"https://api.twitter.com/1.1/geo/id/94965b2c45386f87.json","place_type":"admin","name":"New York","full_name":"New York, USA","country_code":"US","country":"United States","contained_within":[],"bounding_box":{"type":"Polygon","coordinates":[[[-79.76259,40.477383],[-79.76259,45.015851],[-71.777492,45.015851],[-71.777492,40.477383]]]},"attributes":{}},"contributors":null,"retweet_count":0,"favorite_count":0,"entities":{"hashtags":[],"symbols":[],"urls":[],"user_mentions":[{"screen_name":"adamrensch","name":"a. spaceman","id":146576344,"id_str":"146576344","indices":[0,11]},{"screen_name":"UNTRESOR","name":"Brandon Gutermuth","id":46751744,"id_str":"46751744","indices":[12,21]}]},"favorited":false,"retweeted":false,"filter_level":"medium","lang":"en"},
{"created_at":"Thu Apr 03 20:18:44 +0000 2014","id":451816087907074050,"id_str":"451816087907074048","text":"@mOneyMarlatt oh pat you know me too well!! ;)","source":"web","truncated":false,"in_reply_to_status_id":451815225797263360,"in_reply_to_status_id_str":"451815225797263361","in_reply_to_user_id":519919387,"in_reply_to_user_id_str":"519919387","in_reply_to_screen_name":"mOneyMarlatt","user":{"id":271690728,"id_str":"271690728","name":"Amie Ferguson","screen_name":"amielferguson","location":"Clayton, N.Y","url":null,"description":null,"protected":false,"followers_count":208,"friends_count":201,"listed_count":0,"created_at":"Fri Mar 25 00:42:27 +0000 2011","favourites_count":1562,"utc_offset":-10800,"time_zone":"Atlantic Time (Canada)","geo_enabled":true,"verified":false,"statuses_count":1414,"lang":"en","contributors_enabled":false,"is_translator":false,"is_translation_enabled":false,"profile_background_color":"0F0E0F","profile_background_image_url":"http://pbs.twimg.com/profile_background_images/378800000100718830/309d4fe42927be8a84f58d9b2533ad57.jpeg","profile_background_image_url_https":"https://pbs.twimg.com/profile_background_images/378800000100718830/309d4fe42927be8a84f58d9b2533ad57.jpeg","profile_background_tile":true,"profile_image_url":"http://pbs.twimg.com/profile_images/450785564321538048/AKMAZ4du_normal.jpeg","profile_image_url_https":"https://pbs.twimg.com/profile_images/450785564321538048/AKMAZ4du_normal.jpeg","profile_banner_url":"https://pbs.twimg.com/profile_banners/271690728/1396311059","profile_link_color":"55B52F","profile_sidebar_border_color":"000000","profile_sidebar_fill_color":"DDEEF6","profile_text_color":"0084B4","profile_use_background_image":true,"default_profile":false,"default_profile_image":false,"following":null,"follow_request_sent":null,"notifications":null},"geo":null,"coordinates":null,"place":{"id":"94965b2c45386f87","url":"https://api.twitter.com/1.1/geo/id/94965b2c45386f87.json","place_type":"admin","name":"New York","full_name":"New York, USA","country_code":"US","country":"United States","contained_within":[],"bounding_box":{"type":"Polygon","coordinates":[[[-79.76259,40.477383],[-79.76259,45.015851],[-71.777492,45.015851],[-71.777492,40.477383]]]},"attributes":{}},"contributors":null,"retweet_count":0,"favorite_count":0,"entities":{"hashtags":[],"symbols":[],"urls":[],"user_mentions":[{"screen_name":"mOneyMarlatt","name":"Pat Marlatt ","id":519919387,"id_str":"519919387","indices":[0,13]}]},"favorited":false,"retweeted":false,"filter_level":"medium","lang":"en"},
{"created_at":"Thu Apr 03 20:18:50 +0000 2014","id":451816115380178940,"id_str":"451816115380178944","text":"@Chris_Rodeo lets hookah","source":"<a href=\"http://twitter.com/download/android\" rel=\"nofollow\">Twitter for Android</a>","truncated":false,"in_reply_to_status_id":null,"in_reply_to_status_id_str":null,"in_reply_to_user_id":555262119,"in_reply_to_user_id_str":"555262119","in_reply_to_screen_name":"Chris_Rodeo","user":{"id":400821744,"id_str":"400821744","name":"Anthony Colilli","screen_name":"anthonycolilli","location":"","url":null,"description":"Akilla","protected":false,"followers_count":396,"friends_count":323,"listed_count":2,"created_at":"Sat Oct 29 16:39:34 +0000 2011","favourites_count":5912,"utc_offset":-10800,"time_zone":"Atlantic Time (Canada)","geo_enabled":true,"verified":false,"statuses_count":21040,"lang":"en","contributors_enabled":false,"is_translator":false,"is_translation_enabled":false,"profile_background_color":"131516","profile_background_image_url":"http://abs.twimg.com/images/themes/theme14/bg.gif","profile_background_image_url_https":"https://abs.twimg.com/images/themes/theme14/bg.gif","profile_background_tile":true,"profile_image_url":"http://pbs.twimg.com/profile_images/449578667937894400/0BionMcS_normal.jpeg","profile_image_url_https":"https://pbs.twimg.com/profile_images/449578667937894400/0BionMcS_normal.jpeg","profile_banner_url":"https://pbs.twimg.com/profile_banners/400821744/1348075928","profile_link_color":"009999","profile_sidebar_border_color":"EEEEEE","profile_sidebar_fill_color":"EFEFEF","profile_text_color":"333333","profile_use_background_image":true,"default_profile":false,"default_profile_image":false,"following":null,"follow_request_sent":null,"notifications":null},"geo":{"type":"Point","coordinates":[43.2653932,-77.6824622]},"coordinates":{"type":"Point","coordinates":[-77.6824622,43.2653932]},"place":{"id":"94965b2c45386f87","url":"https://api.twitter.com/1.1/geo/id/94965b2c45386f87.json","place_type":"admin","name":"New York","full_name":"New York, USA","country_code":"US","country":"United States","contained_within":[],"bounding_box":{"type":"Polygon","coordinates":[[[-79.76259,40.477383],[-79.76259,45.015851],[-71.777492,45.015851],[-71.777492,40.477383]]]},"attributes":{}},"contributors":null,"retweet_count":0,"favorite_count":0,"entities":{"hashtags":[],"symbols":[],"urls":[],"user_mentions":[{"screen_name":"Chris_Rodeo","name":"Christopher Rodeo","id":555262119,"id_str":"555262119","indices":[0,12]}]},"favorited":false,"retweeted":false,"filter_level":"medium","lang":"en"},
{"created_at":"Thu Apr 03 20:18:52 +0000 2014","id":451816120862130200,"id_str":"451816120862130176","text":"No dejes para después lo que sabes que no vas a hacer nunca.","source":"web","truncated":false,"in_reply_to_status_id":null,"in_reply_to_status_id_str":null,"in_reply_to_user_id":null,"in_reply_to_user_id_str":null,"in_reply_to_screen_name":null,"user":{"id":896423742,"id_str":"896423742","name":"Believe ","screen_name":"wonderfulid0l","location":"Download @Shots ","url":null,"description":"He changed my Life","protected":false,"followers_count":3228,"friends_count":662,"listed_count":2,"created_at":"Mon Oct 22 00:31:27 +0000 2012","favourites_count":987,"utc_offset":-14400,"time_zone":"Eastern Time (US & Canada)","geo_enabled":true,"verified":false,"statuses_count":42520,"lang":"es","contributors_enabled":false,"is_translator":false,"is_translation_enabled":false,"profile_background_color":"F5F4F2","profile_background_image_url":"http://pbs.twimg.com/profile_background_images/443599768359411714/6DmrY43W.jpeg","profile_background_image_url_https":"https://pbs.twimg.com/profile_background_images/443599768359411714/6DmrY43W.jpeg","profile_background_tile":false,"profile_image_url":"http://pbs.twimg.com/profile_images/443598617148796928/2W4xy-iR_normal.png","profile_image_url_https":"https://pbs.twimg.com/profile_images/443598617148796928/2W4xy-iR_normal.png","profile_banner_url":"https://pbs.twimg.com/profile_banners/896423742/1394597153","profile_link_color":"0A090A","profile_sidebar_border_color":"FFFFFF","profile_sidebar_fill_color":"FFD9D2","profile_text_color":"FFB5C2","profile_use_background_image":true,"default_profile":false,"default_profile_image":false,"following":null,"follow_request_sent":null,"notifications":null},"geo":null,"coordinates":null,"place":{"id":"94965b2c45386f87","url":"https://api.twitter.com/1.1/geo/id/94965b2c45386f87.json","place_type":"admin","name":"Nueva York","full_name":"Nueva York, USA","country_code":"US","country":"United States","contained_within":[],"bounding_box":{"type":"Polygon","coordinates":[[[-79.76259,40.477383],[-79.76259,45.015851],[-71.777492,45.015851],[-71.777492,40.477383]]]},"attributes":{}},"contributors":null,"retweet_count":0,"favorite_count":0,"entities":{"hashtags":[],"symbols":[],"urls":[],"user_mentions":[]},"favorited":false,"retweeted":false,"filter_level":"medium","lang":"es"}
]