[
{"created_at":"Thu Mar 06 18:08:17 +0000 2014","id":441636399398539260,"id_str":"441636399398539264","text":"学校の面白い貼り紙。\n「あなたに必要なもの取ってみて！」\n二つ既に取られてるけど、\n左から…愛、平和、情熱、癒し、強み(精神力)、美しさ、自由、寛容、優しさ、サービス、やる気。","source":"<a href=\"http://twitter.com/download/iphone\" rel=\"nofollow\">Twitter for iPhone</a>","truncated":false,"in_reply_to_status_id":null,"in_reply_to_status_id_str":null,"in_reply_to_user_id":null,"in_reply_to_user_id_str":null,"in_reply_to_screen_name":null,"user":{"id":985164770,"id_str":"985164770","name":"Kidyuka","screen_name":"michan1232","location":"Country side of NY","url":"http://www.pinterest.com/cornerofbelief/","description":"アメリカへ留学に来て一年ちょっと。Media Attsと哲学、宗教なども学んでます。相変わらず音楽好き(amazarashi好きも変わらず)。最近ピンタレスト始めた。↓","protected":false,"followers_count":80,"friends_count":111,"listed_count":1,"created_at":"Sun Dec 02 18:43:00 +0000 2012","favourites_count":124,"utc_offset":32400,"time_zone":"Irkutsk","geo_enabled":true,"verified":false,"statuses_count":862,"lang":"ja","contributors_enabled":false,"is_translator":false,"is_translation_enabled":false,"profile_background_color":"C0DEED","profile_background_image_url":"http://abs.twimg.com/images/themes/theme1/bg.png","profile_background_image_url_https":"https://abs.twimg.com/images/themes/theme1/bg.png","profile_background_tile":false,"profile_image_url":"http://pbs.twimg.com/profile_images/440968994355699712/kZIAAGTO_normal.jpeg","profile_image_url_https":"https://pbs.twimg.com/profile_images/440968994355699712/kZIAAGTO_normal.jpeg","profile_banner_url":"https://pbs.twimg.com/profile_banners/985164770/1393970437","profile_link_color":"0084B4","profile_sidebar_border_color":"C0DEED","profile_sidebar_fill_color":"DDEEF6","profile_text_color":"333333","profile_use_background_image":true,"default_profile":true,"default_profile_image":false,"following":null,"follow_request_sent":null,"notifications":null},"geo":{"type":"Point","coordinates":[42.00365335,-73.9248676]},"coordinates":{"type":"Point","coordinates":[-73.9248676,42.00365335]},"place":{"id":"94965b2c45386f87","url":"https://api.twitter.com/1.1/geo/id/94965b2c45386f87.json","place_type":"admin","name":"New York","full_name":"New York, US","country_code":"US","country":"United States","contained_within":[],"bounding_box":{"type":"Polygon","coordinates":[[[-79.76259,40.477399],[-79.76259,45.015865],[-71.777491,45.015865],[-71.777491,40.477399]]]},"attributes":{}},"contributors":null,"retweet_count":0,"favorite_count":0,"entities":{"hashtags":[],"symbols":[],"urls":[],"user_mentions":[]},"favorited":false,"retweeted":false,"filter_level":"medium","lang":"ja"},
{"created_at":"Thu Mar 06 18:08:18 +0000 2014","id":441636404884676600,"id_str":"441636404884676608","text":"I REALLY want a poptart 😕","source":"<a href=\"http://twitter.com/download/iphone\" rel=\"nofollow\">Twitter for iPhone</a>","truncated":false,"in_reply_to_status_id":null,"in_reply_to_status_id_str":null,"in_reply_to_user_id":null,"in_reply_to_user_id_str":null,"in_reply_to_screen_name":null,"user":{"id":609462220,"id_str":"609462220","name":"Caitlyn✨","screen_name":"caitie_55","location":"","url":null,"description":"I am second and I am blessed. ❤️Colossians 3:23❤2 Samuel 22: 2-4❤","protected":false,"followers_count":268,"friends_count":244,"listed_count":0,"created_at":"Fri Jun 15 21:47:12 +0000 2012","favourites_count":3130,"utc_offset":-18000,"time_zone":"Eastern Time (US & Canada)","geo_enabled":true,"verified":false,"statuses_count":6393,"lang":"en","contributors_enabled":false,"is_translator":false,"is_translation_enabled":false,"profile_background_color":"93BDA9","profile_background_image_url":"http://pbs.twimg.com/profile_background_images/378800000073130114/373d107b8dfd39b490e036a9a7222b87.png","profile_background_image_url_https":"https://pbs.twimg.com/profile_background_images/378800000073130114/373d107b8dfd39b490e036a9a7222b87.png","profile_background_tile":true,"profile_image_url":"http://pbs.twimg.com/profile_images/421494578617659393/tjAswbQu_normal.jpeg","profile_image_url_https":"https://pbs.twimg.com/profile_images/421494578617659393/tjAswbQu_normal.jpeg","profile_banner_url":"https://pbs.twimg.com/profile_banners/609462220/1390011967","profile_link_color":"F49670","profile_sidebar_border_color":"FCBD94","profile_sidebar_fill_color":"FFA683","profile_text_color":"FD9D75","profile_use_background_image":true,"default_profile":false,"default_profile_image":false,"following":null,"follow_request_sent":null,"notifications":null},"geo":{"type":"Point","coordinates":[43.7295497,-73.81086197]},"coordinates":{"type":"Point","coordinates":[-73.81086197,43.7295497]},"place":{"id":"94965b2c45386f87","url":"https://api.twitter.com/1.1/geo/id/94965b2c45386f87.json","place_type":"admin","name":"New York","full_name":"New York, US","country_code":"US","country":"United States","contained_within":[],"bounding_box":{"type":"Polygon","coordinates":[[[-79.76259,40.477399],[-79.76259,45.015865],[-71.777491,45.015865],[-71.777491,40.477399]]]},"attributes":{}},"contributors":null,"retweet_count":0,"favorite_count":0,"entities":{"hashtags":[],"symbols":[],"urls":[],"user_mentions":[]},"favorited":false,"retweeted":false,"filter_level":"medium","lang":"en"},
{"created_at":"Thu Mar 06 18:08:19 +0000 2014","id":441636409686753300,"id_str":"441636409686753280","text":"Not being able to smoke today @Sloyyyboyyy  haha","source":"<a href=\"http://twitter.com/download/iphone\" rel=\"nofollow\">Twitter for iPhone</a>","truncated":false,"in_reply_to_status_id":null,"in_reply_to_status_id_str":null,"in_reply_to_user_id":null,"in_reply_to_user_id_str":null,"in_reply_to_screen_name":null,"user":{"id":211755069,"id_str":"211755069","name":"Aaron Buffa™","screen_name":"Buffa_Aaron2318","location":"585","url":"http://www.twitter.com/buffaslegit","description":"Live life no regrets just happiness","protected":false,"followers_count":540,"friends_count":497,"listed_count":0,"created_at":"Thu Nov 04 04:26:27 +0000 2010","favourites_count":1684,"utc_offset":-36000,"time_zone":"Hawaii","geo_enabled":true,"verified":false,"statuses_count":6817,"lang":"en","contributors_enabled":false,"is_translator":false,"is_translation_enabled":false,"profile_background_color":"7F1BB8","profile_background_image_url":"http://pbs.twimg.com/profile_background_images/560623413/fuck-2dopeboyz.jpg","profile_background_image_url_https":"https://pbs.twimg.com/profile_background_images/560623413/fuck-2dopeboyz.jpg","profile_background_tile":false,"profile_image_url":"http://pbs.twimg.com/profile_images/440983562271997953/msBQMYTB_normal.jpeg","profile_image_url_https":"https://pbs.twimg.com/profile_images/440983562271997953/msBQMYTB_normal.jpeg","profile_banner_url":"https://pbs.twimg.com/profile_banners/211755069/1365351406","profile_link_color":"1EB300","profile_sidebar_border_color":"A8C7F7","profile_sidebar_fill_color":"C0DFEC","profile_text_color":"333333","profile_use_background_image":true,"default_profile":false,"default_profile_image":false,"following":null,"follow_request_sent":null,"notifications":null},"geo":{"type":"Point","coordinates":[43.21500158,-77.64734554]},"coordinates":{"type":"Point","coordinates":[-77.64734554,43.21500158]},"place":{"id":"94965b2c45386f87","url":"https://api.twitter.com/1.1/geo/id/94965b2c45386f87.json","place_type":"admin","name":"New York","full_name":"New York, US","country_code":"US","country":"United States","contained_within":[],"bounding_box":{"type":"Polygon","coordinates":[[[-79.76259,40.477399],[-79.76259,45.015865],[-71.777491,45.015865],[-71.777491,40.477399]]]},"attributes":{}},"contributors":null,"retweet_count":0,"favorite_count":0,"entities":{"hashtags":[],"symbols":[],"urls":[],"user_mentions":[{"screen_name":"Sloyyyboyyy","name":"Jake Sloyer","id":1208594851,"id_str":"1208594851","indices":[30,42]}]},"favorited":false,"retweeted":false,"filter_level":"medium","lang":"en"},
{"created_at":"Thu Mar 06 18:08:20 +0000 2014","id":441636412988076000,"id_str":"441636412988076033","text":"@AshleyFarruggio @sara_weeks @maxxx0720 LOL ohmygod 😂😂😂","source":"<a href=\"http://twitter.com/download/iphone\" rel=\"nofollow\">Twitter for iPhone</a>","truncated":false,"in_reply_to_status_id":441635650622992400,"in_reply_to_status_id_str":"441635650622992384","in_reply_to_user_id":77850024,"in_reply_to_user_id_str":"77850024","in_reply_to_screen_name":"AshleyFarruggio","user":{"id":38864309,"id_str":"38864309","name":"Kailey Somers","screen_name":"KaileySomers","location":"Ronkonkoma,NY","url":null,"description":"eighteen;long island; SUNY Oswego '17","protected":false,"followers_count":398,"friends_count":1183,"listed_count":0,"created_at":"Sat May 09 14:49:33 +0000 2009","favourites_count":2432,"utc_offset":-18000,"time_zone":"Eastern Time (US & Canada)","geo_enabled":true,"verified":false,"statuses_count":15125,"lang":"en","contributors_enabled":false,"is_translator":false,"is_translation_enabled":false,"profile_background_color":"EBAB2A","profile_background_image_url":"http://pbs.twimg.com/profile_background_images/748522656/e093fd2340d584e4db97eca30d660faa.jpeg","profile_background_image_url_https":"https://pbs.twimg.com/profile_background_images/748522656/e093fd2340d584e4db97eca30d660faa.jpeg","profile_background_tile":false,"profile_image_url":"http://pbs.twimg.com/profile_images/416014244547948544/OW9kxqOL_normal.jpeg","profile_image_url_https":"https://pbs.twimg.com/profile_images/416014244547948544/OW9kxqOL_normal.jpeg","profile_banner_url":"https://pbs.twimg.com/profile_banners/38864309/1383188532","profile_link_color":"0099B9","profile_sidebar_border_color":"FFFFFF","profile_sidebar_fill_color":"95E8EC","profile_text_color":"3C3940","profile_use_background_image":false,"default_profile":false,"default_profile_image":false,"following":null,"follow_request_sent":null,"notifications":null},"geo":{"type":"Point","coordinates":[43.45064971,-76.54766668]},"coordinates":{"type":"Point","coordinates":[-76.54766668,43.45064971]},"place":{"id":"94965b2c45386f87","url":"https://api.twitter.com/1.1/geo/id/94965b2c45386f87.json","place_type":"admin","name":"New York","full_name":"New York, US","country_code":"US","country":"United States","contained_within":[],"bounding_box":{"type":"Polygon","coordinates":[[[-79.76259,40.477399],[-79.76259,45.015865],[-71.777491,45.015865],[-71.777491,40.477399]]]},"attributes":{}},"contributors":null,"retweet_count":0,"favorite_count":0,"entities":{"hashtags":[],"symbols":[],"urls":[],"user_mentions":[{"screen_name":"AshleyFarruggio","name":"Ashley ☪","id":77850024,"id_str":"77850024","indices":[0,16]},{"screen_name":"sara_weeks","name":"SLUT ","id":166294087,"id_str":"166294087","indices":[17,28]},{"screen_name":"maxxx0720","name":"Max lopez","id":788305009,"id_str":"788305009","indices":[29,39]}]},"favorited":false,"retweeted":false,"filter_level":"medium","lang":"tl"},
{"created_at":"Thu Mar 06 18:08:25 +0000 2014","id":441636434555203600,"id_str":"441636434555203584","text":"I'm at Barnes &amp; Noble - @bnbuzz (Newburgh, NY) w/ 2 others http://t.co/IHaHC0UevN","source":"<a href=\"http://foursquare.com\" rel=\"nofollow\">foursquare</a>","truncated":false,"in_reply_to_status_id":null,"in_reply_to_status_id_str":null,"in_reply_to_user_id":null,"in_reply_to_user_id_str":null,"in_reply_to_screen_name":null,"user":{"id":343844877,"id_str":"343844877","name":"Jessica Williams","screen_name":"xojessielynne","location":"New York =D","url":null,"description":"Small town girl...big city dreams","protected":false,"followers_count":175,"friends_count":390,"listed_count":0,"created_at":"Thu Jul 28 05:01:24 +0000 2011","favourites_count":747,"utc_offset":-18000,"time_zone":"Eastern Time (US & Canada)","geo_enabled":true,"verified":false,"statuses_count":4762,"lang":"en","contributors_enabled":false,"is_translator":false,"is_translation_enabled":false,"profile_background_color":"FFF04D","profile_background_image_url":"http://pbs.twimg.com/profile_background_images/378800000167029111/YKEgB64x.jpeg","profile_background_image_url_https":"https://pbs.twimg.com/profile_background_images/378800000167029111/YKEgB64x.jpeg","profile_background_tile":true,"profile_image_url":"http://pbs.twimg.com/profile_images/378800000339927967/90f533b46dd6cb675a96c82e954313da_normal.jpeg","profile_image_url_https":"https://pbs.twimg.com/profile_images/378800000339927967/90f533b46dd6cb675a96c82e954313da_normal.jpeg","profile_banner_url":"https://pbs.twimg.com/profile_banners/343844877/1389552255","profile_link_color":"0099CC","profile_sidebar_border_color":"FFFFFF","profile_sidebar_fill_color":"F6FFD1","profile_text_color":"333333","profile_use_background_image":true,"default_profile":false,"default_profile_image":false,"following":null,"follow_request_sent":null,"notifications":null},"geo":{"type":"Point","coordinates":[41.50346724,-74.07042503]},"coordinates":{"type":"Point","coordinates":[-74.07042503,41.50346724]},"place":{"id":"94965b2c45386f87","url":"https://api.twitter.com/1.1/geo/id/94965b2c45386f87.json","place_type":"admin","name":"New York","full_name":"New York, US","country_code":"US","country":"United States","contained_within":[],"bounding_box":{"type":"Polygon","coordinates":[[[-79.76259,40.477399],[-79.76259,45.015865],[-71.777491,45.015865],[-71.777491,40.477399]]]},"attributes":{}},"contributors":null,"retweet_count":0,"favorite_count":0,"entities":{"hashtags":[],"symbols":[],"urls":[{"url":"http://t.co/IHaHC0UevN","expanded_url":"http://4sq.com/1e6jmYG","display_url":"4sq.com/1e6jmYG","indices":[63,85]}],"user_mentions":[{"screen_name":"BNBuzz","name":"Barnes & Noble","id":32166535,"id_str":"32166535","indices":[28,35]}]},"favorited":false,"retweeted":false,"possibly_sensitive":false,"filter_level":"medium","lang":"en"},
{"created_at":"Thu Mar 06 18:08:45 +0000 2014","id":441636515106816000,"id_str":"441636515106816001","text":"I can tell by the way she walks in the room","source":"<a href=\"http://twitter.com/download/iphone\" rel=\"nofollow\">Twitter for iPhone</a>","truncated":false,"in_reply_to_status_id":null,"in_reply_to_status_id_str":null,"in_reply_to_user_id":null,"in_reply_to_user_id_str":null,"in_reply_to_screen_name":null,"user":{"id":411909592,"id_str":"411909592","name":"Scholl.","screen_name":"Mschollie20","location":"","url":null,"description":"I like boobs..... Alot","protected":false,"followers_count":432,"friends_count":143,"listed_count":0,"created_at":"Mon Nov 14 01:32:29 +0000 2011","favourites_count":9226,"utc_offset":-21600,"time_zone":"Central Time (US & Canada)","geo_enabled":true,"verified":false,"statuses_count":18031,"lang":"en","contributors_enabled":false,"is_translator":false,"is_translation_enabled":false,"profile_background_color":"1A1B1F","profile_background_image_url":"http://abs.twimg.com/images/themes/theme9/bg.gif","profile_background_image_url_https":"https://abs.twimg.com/images/themes/theme9/bg.gif","profile_background_tile":false,"profile_image_url":"http://pbs.twimg.com/profile_images/438557912537890816/buNVIV_q_normal.jpeg","profile_image_url_https":"https://pbs.twimg.com/profile_images/438557912537890816/buNVIV_q_normal.jpeg","profile_banner_url":"https://pbs.twimg.com/profile_banners/411909592/1393396075","profile_link_color":"FC6500","profile_sidebar_border_color":"FF7700","profile_sidebar_fill_color":"252429","profile_text_color":"666666","profile_use_background_image":true,"default_profile":false,"default_profile_image":false,"following":null,"follow_request_sent":null,"notifications":null},"geo":{"type":"Point","coordinates":[43.14077029,-78.92407025]},"coordinates":{"type":"Point","coordinates":[-78.92407025,43.14077029]},"place":{"id":"94965b2c45386f87","url":"https://api.twitter.com/1.1/geo/id/94965b2c45386f87.json","place_type":"admin","name":"New York","full_name":"New York, US","country_code":"US","country":"United States","contained_within":[],"bounding_box":{"type":"Polygon","coordinates":[[[-79.76259,40.477399],[-79.76259,45.015865],[-71.777491,45.015865],[-71.777491,40.477399]]]},"attributes":{}},"contributors":null,"retweet_count":0,"favorite_count":0,"entities":{"hashtags":[],"symbols":[],"urls":[],"user_mentions":[]},"favorited":false,"retweeted":false,"filter_level":"medium","lang":"en"},
{"created_at":"Thu Mar 06 18:08:46 +0000 2014","id":441636520823648260,"id_str":"441636520823648257","text":"My math professor tells the most pointless stories that take up half the class","source":"<a href=\"http://twitter.com/download/iphone\" rel=\"nofollow\">Twitter for iPhone</a>","truncated":false,"in_reply_to_status_id":null,"in_reply_to_status_id_str":null,"in_reply_to_user_id":null,"in_reply_to_user_id_str":null,"in_reply_to_screen_name":null,"user":{"id":196038198,"id_str":"196038198","name":"Lauren","screen_name":"laurrquinn","location":"Albany","url":null,"description":"Might as well...","protected":false,"followers_count":640,"friends_count":180,"listed_count":1,"created_at":"Tue Sep 28 04:55:07 +0000 2010","favourites_count":6778,"utc_offset":-21600,"time_zone":"Central Time (US & Canada)","geo_enabled":true,"verified":false,"statuses_count":17506,"lang":"en","contributors_enabled":false,"is_translator":false,"is_translation_enabled":false,"profile_background_color":"C0DEED","profile_background_image_url":"http://pbs.twimg.com/profile_background_images/378800000120963716/b6a0e9cab4be993c62770e8c7a40748d.jpeg","profile_background_image_url_https":"https://pbs.twimg.com/profile_background_images/378800000120963716/b6a0e9cab4be993c62770e8c7a40748d.jpeg","profile_background_tile":true,"profile_image_url":"http://pbs.twimg.com/profile_images/440731025321500672/UoxMdKCB_normal.jpeg","profile_image_url_https":"https://pbs.twimg.com/profile_images/440731025321500672/UoxMdKCB_normal.jpeg","profile_banner_url":"https://pbs.twimg.com/profile_banners/196038198/1393914171","profile_link_color":"F098BF","profile_sidebar_border_color":"FFFFFF","profile_sidebar_fill_color":"DDEEF6","profile_text_color":"333333","profile_use_background_image":true,"default_profile":false,"default_profile_image":false,"following":null,"follow_request_sent":null,"notifications":null},"geo":{"type":"Point","coordinates":[42.69576454,-73.6833595]},"coordinates":{"type":"Point","coordinates":[-73.6833595,42.69576454]},"place":{"id":"94965b2c45386f87","url":"https://api.twitter.com/1.1/geo/id/94965b2c45386f87.json","place_type":"admin","name":"New York","full_name":"New York, US","country_code":"US","country":"United States","contained_within":[],"bounding_box":{"type":"Polygon","coordinates":[[[-79.76259,40.477399],[-79.76259,45.015865],[-71.777491,45.015865],[-71.777491,40.477399]]]},"attributes":{}},"contributors":null,"retweet_count":0,"favorite_count":0,"entities":{"hashtags":[],"symbols":[],"urls":[],"user_mentions":[]},"favorited":false,"retweeted":false,"filter_level":"medium","lang":"en"},
{"created_at":"Thu Mar 06 18:08:51 +0000 2014","id":441636544072667140,"id_str":"441636544072667136","text":"Obama: \"The world should support people of Ukraine as they move to elections in May.\"","source":"web","truncated":false,"in_reply_to_status_id":null,"in_reply_to_status_id_str":null,"in_reply_to_user_id":null,"in_reply_to_user_id_str":null,"in_reply_to_screen_name":null,"user":{"id":117161855,"id_str":"117161855","name":"Harrison Golden","screen_name":"harrisongolden","location":"NY/CT","url":"http://harrisongolden.weebly.com/","description":"WTNH @Sportzedge freelancer. @USATodayCollege contributing writer. I consume a politics and sports diet. RTs ≠ endorsements; thoughts tweeted are my own.","protected":false,"followers_count":785,"friends_count":2001,"listed_count":12,"created_at":"Wed Feb 24 18:48:45 +0000 2010","favourites_count":180,"utc_offset":null,"time_zone":null,"geo_enabled":true,"verified":false,"statuses_count":4754,"lang":"en","contributors_enabled":false,"is_translator":false,"is_translation_enabled":false,"profile_background_color":"3A3B3B","profile_background_image_url":"http://pbs.twimg.com/profile_background_images/378800000170471307/59GJ-uQq.jpeg","profile_background_image_url_https":"https://pbs.twimg.com/profile_background_images/378800000170471307/59GJ-uQq.jpeg","profile_background_tile":false,"profile_image_url":"http://pbs.twimg.com/profile_images/431438026623840256/S3toKqK6_normal.jpeg","profile_image_url_https":"https://pbs.twimg.com/profile_images/431438026623840256/S3toKqK6_normal.jpeg","profile_link_color":"7D7D7D","profile_sidebar_border_color":"FFFFFF","profile_sidebar_fill_color":"FFFFFF","profile_text_color":"000000","profile_use_background_image":false,"default_profile":false,"default_profile_image":false,"following":null,"follow_request_sent":null,"notifications":null},"geo":null,"coordinates":null,"place":{"id":"94965b2c45386f87","url":"https://api.twitter.com/1.1/geo/id/94965b2c45386f87.json","place_type":"admin","name":"New York","full_name":"New York, US","country_code":"US","country":"United States","contained_within":[],"bounding_box":{"type":"Polygon","coordinates":[[[-79.76259,40.477399],[-79.76259,45.015865],[-71.777491,45.015865],[-71.777491,40.477399]]]},"attributes":{}},"contributors":null,"retweet_count":0,"favorite_count":0,"entities":{"hashtags":[],"symbols":[],"urls":[],"user_mentions":[]},"favorited":false,"retweeted":false,"filter_level":"medium","lang":"en"},
{"created_at":"Thu Mar 06 18:08:52 +0000 2014","id":441636546413072400,"id_str":"441636546413072387","text":"@pauliinne28 mdrrrr ouais !","source":"web","truncated":false,"in_reply_to_status_id":441636328372191200,"in_reply_to_status_id_str":"441636328372191232","in_reply_to_user_id":575322421,"in_reply_to_user_id_str":"575322421","in_reply_to_screen_name":"pauliinne28","user":{"id":1135147531,"id_str":"1135147531","name":"Misa ","screen_name":"AlexDucruez","location":"Chateaudun - Orléans","url":null,"description":"J'ai la recette du régime mesdemoiselles sans dépenser un sous !! ;)","protected":false,"followers_count":294,"friends_count":265,"listed_count":0,"created_at":"Wed Jan 30 20:34:44 +0000 2013","favourites_count":2534,"utc_offset":3600,"time_zone":"Amsterdam","geo_enabled":true,"verified":false,"statuses_count":13035,"lang":"fr","contributors_enabled":false,"is_translator":false,"is_translation_enabled":false,"profile_background_color":"C7C3D6","profile_background_image_url":"http://pbs.twimg.com/profile_background_images/378800000177562887/EhwG3NYP.jpeg","profile_background_image_url_https":"https://pbs.twimg.com/profile_background_images/378800000177562887/EhwG3NYP.jpeg","profile_background_tile":true,"profile_image_url":"http://pbs.twimg.com/profile_images/417710631920230400/Rx979d15_normal.jpeg","profile_image_url_https":"https://pbs.twimg.com/profile_images/417710631920230400/Rx979d15_normal.jpeg","profile_banner_url":"https://pbs.twimg.com/profile_banners/1135147531/1391453036","profile_link_color":"1C28A8","profile_sidebar_border_color":"000000","profile_sidebar_fill_color":"DDEEF6","profile_text_color":"333333","profile_use_background_image":true,"default_profile":false,"default_profile_image":false,"following":null,"follow_request_sent":null,"notifications":null},"geo":null,"coordinates":null,"place":{"id":"94965b2c45386f87","url":"https://api.twitter.com/1.1/geo/id/94965b2c45386f87.json","place_type":"admin","name":"New York","full_name":"New York, US","country_code":"US","country":"United States","contained_within":[],"bounding_box":{"type":"Polygon","coordinates":[[[-79.76259,40.477399],[-79.76259,45.015865],[-71.777491,45.015865],[-71.777491,40.477399]]]},"attributes":{}},"contributors":null,"retweet_count":0,"favorite_count":0,"entities":{"hashtags":[],"symbols":[],"urls":[],"user_mentions":[{"screen_name":"pauliinne28","name":"Pau Line ","id":575322421,"id_str":"575322421","indices":[0,12]}]},"favorited":false,"retweeted":false,"filter_level":"medium","lang":"fr"},
{"created_at":"Thu Mar 06 18:09:06 +0000 2014","id":441636605972193300,"id_str":"441636605972193280","text":"学校の面白い貼り紙。\n「あなたに必要なもの取ってみて！」\n二つ既に取られてるけど、\n左から…愛、平和、情熱、癒し、強み(精神力)、美しさ、自由、寛容、優しさ、サービス、やる気。 http://t.co/U96U7y3Rqi","source":"<a href=\"http://twitter.com/download/iphone\" rel=\"nofollow\">Twitter for iPhone</a>","truncated":false,"in_reply_to_status_id":null,"in_reply_to_status_id_str":null,"in_reply_to_user_id":null,"in_reply_to_user_id_str":null,"in_reply_to_screen_name":null,"user":{"id":985164770,"id_str":"985164770","name":"Kidyuka","screen_name":"michan1232","location":"Country side of NY","url":"http://www.pinterest.com/cornerofbelief/","description":"アメリカへ留学に来て一年ちょっと。Media Attsと哲学、宗教なども学んでます。相変わらず音楽好き(amazarashi好きも変わらず)。最近ピンタレスト始めた。↓","protected":false,"followers_count":80,"friends_count":111,"listed_count":1,"created_at":"Sun Dec 02 18:43:00 +0000 2012","favourites_count":124,"utc_offset":32400,"time_zone":"Irkutsk","geo_enabled":true,"verified":false,"statuses_count":862,"lang":"ja","contributors_enabled":false,"is_translator":false,"is_translation_enabled":false,"profile_background_color":"C0DEED","profile_background_image_url":"http://abs.twimg.com/images/themes/theme1/bg.png","profile_background_image_url_https":"https://abs.twimg.com/images/themes/theme1/bg.png","profile_background_tile":false,"profile_image_url":"http://pbs.twimg.com/profile_images/440968994355699712/kZIAAGTO_normal.jpeg","profile_image_url_https":"https://pbs.twimg.com/profile_images/440968994355699712/kZIAAGTO_normal.jpeg","profile_banner_url":"https://pbs.twimg.com/profile_banners/985164770/1393970437","profile_link_color":"0084B4","profile_sidebar_border_color":"C0DEED","profile_sidebar_fill_color":"DDEEF6","profile_text_color":"333333","profile_use_background_image":true,"default_profile":true,"default_profile_image":false,"following":null,"follow_request_sent":null,"notifications":null},"geo":{"type":"Point","coordinates":[42.00356064,-73.92472421]},"coordinates":{"type":"Point","coordinates":[-73.92472421,42.00356064]},"place":{"id":"94965b2c45386f87","url":"https://api.twitter.com/1.1/geo/id/94965b2c45386f87.json","place_type":"admin","name":"New York","full_name":"New York, US","country_code":"US","country":"United States","contained_within":[],"bounding_box":{"type":"Polygon","coordinates":[[[-79.76259,40.477399],[-79.76259,45.015865],[-71.777491,45.015865],[-71.777491,40.477399]]]},"attributes":{}},"contributors":null,"retweet_count":0,"favorite_count":0,"entities":{"hashtags":[],"symbols":[],"urls":[],"user_mentions":[],"media":[{"id":441636605447905300,"id_str":"441636605447905280","indices":[89,111],"media_url":"http://pbs.twimg.com/media/BiECJxuIIAAkcer.jpg","media_url_https":"https://pbs.twimg.com/media/BiECJxuIIAAkcer.jpg","url":"http://t.co/U96U7y3Rqi","display_url":"pic.twitter.com/U96U7y3Rqi","expanded_url":"http://twitter.com/michan1232/status/441636605972193280/photo/1","type":"photo","sizes":{"medium":{"w":600,"h":800,"resize":"fit"},"thumb":{"w":150,"h":150,"resize":"crop"},"small":{"w":340,"h":453,"resize":"fit"},"large":{"w":768,"h":1024,"resize":"fit"}}}]},"favorited":false,"retweeted":false,"possibly_sensitive":false,"filter_level":"medium","lang":"ja"}
]